"DESCRIPTION","DURATION IN MS","NAME","PARENT SUITE","START TIME","STATUS","STOP TIME","SUB SUITE","SUITE","TEST CLASS","TEST METHOD"
"","22480","Filters and Dropdowns","chromium","Sat Aug 16 19:04:07 IST 2025","passed","Sat Aug 16 19:04:29 IST 2025","EMSRequestCreation","DVTSmoke\TC002_CreateRequestForEMS.spec.ts","",""
"","24138","TC011_TC011_OminaIntergationSingleRequest","chromium","Sat Aug 16 19:22:30 IST 2025","passed","Sat Aug 16 19:22:54 IST 2025","TC011_OminaIntergationSingleRequest","DVTSmoke\TC021_OminaIntergationSingleRequest.spec.ts","",""
"","19557","TC006_ManageRequestTypes","chromium","Sat Aug 16 19:09:43 IST 2025","passed","Sat Aug 16 19:10:02 IST 2025","ManageRequestTypes","DVTSmoke\TC007_ManageRequestTypes.spec.ts","",""
"","6774","DWP_UserLoginpage","chromium","Sat Aug 16 19:07:18 IST 2025","passed","Sat Aug 16 19:07:25 IST 2025","EMSRequestCreation","DVTSmoke\TC005_UplaodDocument.spec.ts","",""
"","6073","TC025_EditActualHoursNextweek","chromium","Sat Aug 16 19:21:42 IST 2025","passed","Sat Aug 16 19:21:48 IST 2025","SuggestedAssignment","DVTSmoke\TC020_SuggestedAssignment.spec.ts","",""
"","62","Cleanup","chromium","Sat Aug 16 19:14:00 IST 2025","passed","Sat Aug 16 19:14:00 IST 2025","QuickFind","DVTSmoke\TC012_EditStates.spec.ts","",""
"","98","Cleanup","chromium","Sat Aug 16 19:14:50 IST 2025","passed","Sat Aug 16 19:14:50 IST 2025","FilteringforUnassigned","DVTSmoke\TC013_FilteringforUnassigned.spec.ts","",""
"","109","Cleanup","chromium","Sat Aug 16 19:13:10 IST 2025","passed","Sat Aug 16 19:13:10 IST 2025","QuickFind","DVTSmoke\TC011_QuickFind.spec.ts","",""
"","1","Cleanup","chromium","Sat Aug 16 19:21:02 IST 2025","skipped","Sat Aug 16 19:21:02 IST 2025","QuickFind","DVTSmoke\TC019_InlineEditActualHours.spec.ts","",""
"","20335","TC001_AOFeatureEnablement","chromium","Sat Aug 16 19:10:57 IST 2025","passed","Sat Aug 16 19:11:17 IST 2025","AOFeatureEnablement","DVTSmoke\TC009_AOFeatureEnablement.spec.ts","",""
"","65","Cleanup","chromium","Sat Aug 16 19:28:47 IST 2025","passed","Sat Aug 16 19:28:47 IST 2025","Translation","DVTSmoke\TC025_Translation.spec.ts","",""
"","44733","TC009_ViewAvailability","chromium","Sat Aug 16 19:10:07 IST 2025","passed","Sat Aug 16 19:10:52 IST 2025","View Availability","DVTSmoke\TC008_ViewAvailability.spec.ts","",""
"","32698","TC025_SuggestedAssignment","chromium","Sat Aug 16 19:21:04 IST 2025","passed","Sat Aug 16 19:21:36 IST 2025","SuggestedAssignment","DVTSmoke\TC020_SuggestedAssignment.spec.ts","",""
"","27081","TC011_SingleRequestCreationForOmnia","chromium","Sat Aug 16 19:06:50 IST 2025","passed","Sat Aug 16 19:07:18 IST 2025","EMSRequestCreation","DVTSmoke\TC004_CreationRequestForOmnia.spec.ts","",""
"","45416","TC012_EditRatingForChecker","chromium","Sat Aug 16 19:16:23 IST 2025","passed","Sat Aug 16 19:17:09 IST 2025","EditRatingForChecker","DVTSmoke\TC016_InlineEditRatingForPreparer.spec.ts","",""
"","27557","TC025_NextWeekSelection","chromium","Sat Aug 16 19:14:50 IST 2025","passed","Sat Aug 16 19:15:18 IST 2025","NextWeekSelection","DVTSmoke\TC014_EditActualHoursNextweek.spec.ts","",""
"","19880","TC013_CreateRequestForProject","chromium","Sat Aug 16 19:05:47 IST 2025","passed","Sat Aug 16 19:06:07 IST 2025","RequestForProject","DVTSmoke\TC003_CreateRequestForProject.spec.ts","",""
"","0","EditStates","chromium","Sat Aug 16 19:26:01 IST 2025","skipped","Sat Aug 16 19:26:01 IST 2025","TC011_OminaIntergationSingleRequest","DVTSmoke\TC023_EditDueDates.spec.ts","",""
"","39456","TC010_QuickFind","chromium","Sat Aug 16 19:11:53 IST 2025","passed","Sat Aug 16 19:12:33 IST 2025","QuickFind","DVTSmoke\TC011_QuickFind.spec.ts","",""
"","36348","SingleRequestCreation","chromium","Sat Aug 16 19:04:29 IST 2025","passed","Sat Aug 16 19:05:05 IST 2025","EMSRequestCreation","DVTSmoke\TC002_CreateRequestForEMS.spec.ts","",""
"","42109","TC015_PlannedHours","chromium","Sat Aug 16 19:17:14 IST 2025","passed","Sat Aug 16 19:17:56 IST 2025","QuickFind","DVTSmoke\TC017_InlineEditPlannedHours.spec.ts","",""
"","129212","TC023_LinkedWorkItem","chromium","Sat Aug 16 19:26:02 IST 2025","failed","Sat Aug 16 19:28:12 IST 2025","LinkedWorkItem","DVTSmoke\TC024_LinkedWorkItem.spec.ts","",""
"","9225","serverSelection","chromium","Sat Aug 16 19:03:57 IST 2025","passed","Sat Aug 16 19:04:07 IST 2025","EMSRequestCreation","DVTSmoke\TC002_CreateRequestForEMS.spec.ts","",""
"","7480","serverSelection","chromium","Sat Aug 16 19:05:17 IST 2025","passed","Sat Aug 16 19:05:24 IST 2025","RequestForProject","DVTSmoke\TC003_CreateRequestForProject.spec.ts","",""
"","9515","serverSelection","chromium","Sat Aug 16 19:06:19 IST 2025","passed","Sat Aug 16 19:06:28 IST 2025","EMSRequestCreation","DVTSmoke\TC004_CreationRequestForOmnia.spec.ts","",""
"","21342","TC001_FiltersOnHomepage","chromium","Sat Aug 16 19:03:16 IST 2025","passed","Sat Aug 16 19:03:38 IST 2025","TC001_FiltersOnHomepage","DVTSmoke\TC001_Filter.spec.ts","",""
"","45532","TC018_FilteringforUnassigned","chromium","Sat Aug 16 19:14:00 IST 2025","passed","Sat Aug 16 19:14:45 IST 2025","FilteringforUnassigned","DVTSmoke\TC013_FilteringforUnassigned.spec.ts","",""
"","6104","DWP_UserLoginpage","chromium","Sat Aug 16 19:21:48 IST 2025","passed","Sat Aug 16 19:21:54 IST 2025","TC011_OminaIntergationSingleRequest","DVTSmoke\TC021_OminaIntergationSingleRequest.spec.ts","",""
"","31027","TC025_RequestPage","chromium","Sat Aug 16 19:12:39 IST 2025","passed","Sat Aug 16 19:13:10 IST 2025","QuickFind","DVTSmoke\TC011_QuickFind.spec.ts","",""
"","81","Cleanup","chromium","Sat Aug 16 19:10:07 IST 2025","passed","Sat Aug 16 19:10:07 IST 2025","ManageRequestTypes","DVTSmoke\TC007_ManageRequestTypes.spec.ts","",""
"","22422","Filters and Dropdowns","chromium","Sat Aug 16 19:06:28 IST 2025","passed","Sat Aug 16 19:06:50 IST 2025","EMSRequestCreation","DVTSmoke\TC004_CreationRequestForOmnia.spec.ts","",""
"","8657","serverSelection","chromium","Sat Aug 16 19:07:30 IST 2025","passed","Sat Aug 16 19:07:39 IST 2025","EMSRequestCreation","DVTSmoke\TC005_UplaodDocument.spec.ts","",""
"","51514","TC012_EditRatingForChecker","chromium","Sat Aug 16 19:15:27 IST 2025","passed","Sat Aug 16 19:16:18 IST 2025","EditRatingForChecker","DVTSmoke\TC015_InlineEditRatingForChecker.spec.ts","",""
"","22541","Filters and Dropdowns","chromium","Sat Aug 16 19:07:39 IST 2025","passed","Sat Aug 16 19:08:02 IST 2025","EMSRequestCreation","DVTSmoke\TC005_UplaodDocument.spec.ts","",""
"","4407","OminaPageLogin","chromium","Sat Aug 16 19:23:57 IST 2025","passed","Sat Aug 16 19:24:01 IST 2025","TC011_OminaIntergationSingleRequest","DVTSmoke\TC023_EditDueDates.spec.ts","",""
"","64573","DueDateChange","chromium","Sat Aug 16 19:18:00 IST 2025","passed","Sat Aug 16 19:19:05 IST 2025","QuickFind","DVTSmoke\TC018_PlannedHoursDistributinog.spec.ts","",""
"","6313","DWP_UserLoginpage","chromium","Sat Aug 16 19:05:06 IST 2025","passed","Sat Aug 16 19:05:12 IST 2025","RequestForProject","DVTSmoke\TC003_CreateRequestForProject.spec.ts","",""
"","81","Cleanup","chromium","Sat Aug 16 19:15:27 IST 2025","passed","Sat Aug 16 19:15:27 IST 2025","NextWeekSelection","DVTSmoke\TC014_EditActualHoursNextweek.spec.ts","",""
"","223","Cleanup","chromium","Sat Aug 16 19:10:57 IST 2025","passed","Sat Aug 16 19:10:57 IST 2025","View Availability","DVTSmoke\TC008_ViewAvailability.spec.ts","",""
"","22339","Filters and Dropdowns","chromium","Sat Aug 16 19:05:24 IST 2025","passed","Sat Aug 16 19:05:47 IST 2025","RequestForProject","DVTSmoke\TC003_CreateRequestForProject.spec.ts","",""
"","5199","DWP_UserLoginpage","chromium","Sat Aug 16 19:03:47 IST 2025","passed","Sat Aug 16 19:03:52 IST 2025","EMSRequestCreation","DVTSmoke\TC002_CreateRequestForEMS.spec.ts","",""
"","23579","TC007_Translation","chromium","Sat Aug 16 19:28:18 IST 2025","passed","Sat Aug 16 19:28:42 IST 2025","Translation","DVTSmoke\TC025_Translation.spec.ts","",""
"","69","Cleanup","chromium","Sat Aug 16 19:18:00 IST 2025","passed","Sat Aug 16 19:18:00 IST 2025","QuickFind","DVTSmoke\TC017_InlineEditPlannedHours.spec.ts","",""
"","116","Cleanup","chromium","Sat Aug 16 19:17:13 IST 2025","passed","Sat Aug 16 19:17:14 IST 2025","EditRatingForChecker","DVTSmoke\TC016_InlineEditRatingForPreparer.spec.ts","",""
"","30182","TC003_DataExtract","chromium","Sat Aug 16 19:11:21 IST 2025","broken","Sat Aug 16 19:11:51 IST 2025","TC001","DVTSmoke\TC010_DataExtract.spec.ts","",""
"","373","Cleanup","chromium","Sat Aug 16 19:05:05 IST 2025","passed","Sat Aug 16 19:05:06 IST 2025","EMSRequestCreation","DVTSmoke\TC002_CreateRequestForEMS.spec.ts","",""
"","60422","Open Omnia URL","chromium","Sat Aug 16 19:22:54 IST 2025","failed","Sat Aug 16 19:23:55 IST 2025","TC011_OminaIntergationSingleRequest","DVTSmoke\TC021_OminaIntergationSingleRequest.spec.ts","",""
"","22410","Filters and Dropdowns","chromium","Sat Aug 16 19:22:08 IST 2025","passed","Sat Aug 16 19:22:30 IST 2025","TC011_OminaIntergationSingleRequest","DVTSmoke\TC021_OminaIntergationSingleRequest.spec.ts","",""
"","153","Cleanup","chromium","Sat Aug 16 19:21:48 IST 2025","passed","Sat Aug 16 19:21:48 IST 2025","SuggestedAssignment","DVTSmoke\TC020_SuggestedAssignment.spec.ts","",""
"","4328","TC025_EditActualHoursNextweek","chromium","Sat Aug 16 19:15:23 IST 2025","passed","Sat Aug 16 19:15:27 IST 2025","NextWeekSelection","DVTSmoke\TC014_EditActualHoursNextweek.spec.ts","",""
"","204","Cleanup","chromium","Sat Aug 16 19:16:23 IST 2025","passed","Sat Aug 16 19:16:23 IST 2025","EditRatingForChecker","DVTSmoke\TC015_InlineEditRatingForChecker.spec.ts","",""
"","45931","TC010_QuickFind","chromium","Sat Aug 16 19:13:10 IST 2025","passed","Sat Aug 16 19:13:56 IST 2025","QuickFind","DVTSmoke\TC012_EditStates.spec.ts","",""
"","116872","Open Omnia URL","chromium","Sat Aug 16 19:24:04 IST 2025","failed","Sat Aug 16 19:26:01 IST 2025","TC011_OminaIntergationSingleRequest","DVTSmoke\TC023_EditDueDates.spec.ts","",""
"","106754","TC010_EditActualHours","chromium","Sat Aug 16 19:19:09 IST 2025","failed","Sat Aug 16 19:20:56 IST 2025","QuickFind","DVTSmoke\TC019_InlineEditActualHours.spec.ts","",""
"","6321","DWP_UserLoginpage","chromium","Sat Aug 16 19:06:07 IST 2025","passed","Sat Aug 16 19:06:13 IST 2025","EMSRequestCreation","DVTSmoke\TC004_CreationRequestForOmnia.spec.ts","",""
"","8540","serverSelection","chromium","Sat Aug 16 19:21:59 IST 2025","passed","Sat Aug 16 19:22:08 IST 2025","TC011_OminaIntergationSingleRequest","DVTSmoke\TC021_OminaIntergationSingleRequest.spec.ts","",""
"","49","Cleanup","chromium","Sat Aug 16 19:11:21 IST 2025","passed","Sat Aug 16 19:11:21 IST 2025","AOFeatureEnablement","DVTSmoke\TC009_AOFeatureEnablement.spec.ts","",""
"","316","Cleanup","chromium","Sat Aug 16 19:08:49 IST 2025","passed","Sat Aug 16 19:08:49 IST 2025","EMSRequestCreation","DVTSmoke\TC005_UplaodDocument.spec.ts","",""
"","128","Cleanup","chromium","Sat Aug 16 19:09:42 IST 2025","passed","Sat Aug 16 19:09:43 IST 2025","EntitiesLoadingLevvia","DVTSmoke\TC006_EntitiesLoadingLevvia.spec.ts","",""
"","1","Cleanup","chromium","Sat Aug 16 19:28:17 IST 2025","skipped","Sat Aug 16 19:28:17 IST 2025","LinkedWorkItem","DVTSmoke\TC024_LinkedWorkItem.spec.ts","",""
"","47111","uploadDocument","chromium","Sat Aug 16 19:08:02 IST 2025","passed","Sat Aug 16 19:08:49 IST 2025","EMSRequestCreation","DVTSmoke\TC005_UplaodDocument.spec.ts","",""
"","48670","TC004_EntitiesLoadingLevvia","chromium","Sat Aug 16 19:08:49 IST 2025","passed","Sat Aug 16 19:09:38 IST 2025","EntitiesLoadingLevvia","DVTSmoke\TC006_EntitiesLoadingLevvia.spec.ts","",""
"","2060","Cleanup","chromium","Sat Aug 16 19:03:45 IST 2025","passed","Sat Aug 16 19:03:47 IST 2025","TC001_FiltersOnHomepage","DVTSmoke\TC001_Filter.spec.ts","",""
